k,Classifier,Accuracy,Macro-F1,Time (s)
2,LogisticRegression,0.5646173149309912,0.5468538887543242,0.82
2,kNN,0.5432873274780426,0.5409164069517607,0.01
2,SVM,0.5959849435382685,0.5789304474286209,0.15
5,LogisticRegression,0.8306148055207027,0.827895184567684,1.14
5,kNN,0.8833124215809285,0.8822039131930882,0.02
5,SVM,0.8820577164366374,0.8811063805397943,0.11
10,LogisticRegression,0.8920953575909661,0.891986241334106,0.96
10,kNN,0.9347553324968633,0.9338632724316561,0.04
10,SVM,0.9523212045169385,0.95182069244295,0.11
20,LogisticRegression,0.8971141781681304,0.8972142773261904,0.45
20,kNN,0.9598494353826851,0.9596382115505232,0.15
20,SVM,0.9686323713927227,0.9685493239382144,0.09
30,LogisticRegression,0.9159347553324969,0.9155861645061044,0.36
30,kNN,0.9611041405269761,0.9607845164352531,0.08
30,SVM,0.9648682559598495,0.9646345955853448,0.15
50,LogisticRegression,0.9259723964868256,0.9258635449946832,0.43
50,kNN,0.9573400250941029,0.9569029280097002,0.1
50,SVM,0.9661229611041405,0.9659013558690279,0.15
64,LogisticRegression,0.9272271016311167,0.9273682756709686,0.55
64,kNN,0.9573400250941029,0.9569029280097002,0.14
64,SVM,0.9598494353826851,0.9596592523135422,0.12
